date,close,open,high,low,volume
2024-01-02,1550.5977699999999,1580.5877699999999,1583.77777,1543.6877699999998,32156.0
2024-01-03,1559.5877699999999,1546.6977699999998,1560.80777,1541.9177699999998,20229.0
2024-01-04,1534.5877699999999,1558.5877699999999,1558.5877699999999,1528.51777,21551.0
2024-01-05,1528.9477699999998,1526.9177699999998,1544.24777,1517.6977699999998,20243.0
2024-01-08,1509.5777699999999,1526.5877699999999,1527.5877699999999,1505.5977699999999,25586.0
2024-01-09,1506.5877699999999,1506.5977699999999,1517.9077699999998,1500.6577699999998,24412.0
2024-01-10,1507.0877699999999,1506.6877699999998,1525.04777,1503.5877699999999,17351.0
2024-01-11,1512.1577699999998,1505.6877699999998,1523.52777,1503.6477699999998,16441.0
2024-01-12,1508.6477699999998,1505.55777,1516.8477699999999,1504.98777,11603.0
2024-01-15,1505.5877699999999,1500.5877699999999,1520.55777,1500.03777,17854.0
2024-01-16,1505.01777,1504.0877699999999,1512.5877699999999,1490.52777,25903.0
2024-01-17,1442.5877699999999,1495.5877699999999,1501.0677699999999,1442.5877699999999,51633.0
2024-01-18,1476.4577699999998,1439.5877699999999,1478.3877699999998,1421.1377699999998,60440.0
2024-01-19,1500.5877699999999,1474.4577699999998,1503.5977699999999,1466.46777,46378.0
2024-01-22,1507.5877699999999,1494.5877699999999,1508.5877699999999,1484.46777,46946.0
2024-01-23,1484.5877699999999,1497.5977699999999,1505.53777,1474.5877699999999,34835.0
2024-01-24,1491.5877699999999,1494.5877699999999,1499.4277699999998,1469.1477699999998,33216.0
2024-01-25,1503.5877699999999,1492.4077699999998,1506.5877699999999,1487.5877699999999,31206.0
2024-01-26,1502.9077699999998,1495.9477699999998,1509.6877699999998,1488.5877699999999,26955.0
2024-01-29,1515.5877699999999,1505.8877699999998,1526.1677699999998,1505.8777699999998,31421.0
2024-01-30,1478.5877699999999,1515.5677699999999,1515.5677699999999,1475.5877699999999,30866.0
2024-01-31,1470.49777,1478.5877699999999,1485.55777,1463.71777,29649.0
2024-02-01,1475.6177699999998,1471.0877699999999,1489.47777,1466.5877699999999,26485.0
2024-02-02,1461.5877699999999,1480.5877699999999,1493.3677699999998,1446.5877699999999,39382.0
2024-02-05,1495.5977699999999,1461.5877699999999,1503.02777,1460.8377699999999,53130.0
2024-02-06,1541.5877699999999,1495.5977699999999,1551.0677699999999,1491.6877699999998,52472.0
2024-02-07,1576.5777699999999,1546.6177699999998,1580.1777699999998,1527.1977699999998,52601.0
2024-02-08,1571.5877699999999,1585.5977699999999,1590.5877699999999,1550.5877699999999,46757.0
2024-02-19,1561.01777,1603.4577699999998,1603.51777,1553.5877699999999,36977.0
2024-02-20,1535.5877699999999,1562.9477699999998,1562.9477699999998,1522.1477699999998,34470.0
2024-02-21,1583.24777,1531.6077699999998,1596.5877699999999,1527.5877699999999,46154.0
2024-02-22,1583.96777,1573.0877699999999,1588.5977699999999,1566.1177699999998,22794.0
2024-02-23,1579.6777699999998,1576.6977699999998,1589.96777,1565.6077699999998,27306.0
2024-02-26,1560.5677699999999,1573.5877699999999,1574.3277699999999,1550.6077699999998,27318.0
2024-02-27,1555.0877699999999,1548.5877699999999,1558.50777,1543.5877699999999,22080.0
2024-02-28,1547.1377699999998,1554.50777,1562.1577699999998,1539.5977699999999,31867.0
2024-02-29,1560.5877699999999,1547.1377699999998,1562.0877699999999,1544.78777,24758.0
2024-03-01,1550.6477699999998,1555.5877699999999,1560.55777,1542.26777,26868.0
2024-03-04,1541.8877699999998,1544.5877699999999,1546.5777699999999,1535.6377699999998,26485.0
2024-03-05,1560.6877699999998,1536.3977699999998,1562.5877699999999,1532.26777,36238.0
2024-03-06,1546.1377699999998,1556.5877699999999,1560.5877699999999,1543.6077699999998,22142.0
2024-03-07,1549.21777,1545.5877699999999,1555.3877699999998,1543.5877699999999,21599.0
2024-03-08,1537.01777,1546.1477699999998,1552.26777,1535.6377699999998,22156.0
2024-03-11,1560.0777699999999,1540.5877699999999,1564.46777,1538.76777,29895.0
2024-03-12,1610.5877699999999,1559.52777,1614.6877699999998,1556.0877699999999,54227.0
2024-03-13,1593.03777,1605.55777,1613.5877699999999,1585.6877699999998,26500.0
2024-03-14,1582.21777,1584.5877699999999,1600.4277699999998,1577.0877699999999,19405.0
2024-03-15,1583.0777699999999,1578.0877699999999,1597.98777,1577.5877699999999,17834.0
2024-03-18,1573.8477699999999,1580.5877699999999,1585.4377699999998,1564.5877699999999,26055.0
2024-03-19,1573.6077699999998,1568.5877699999999,1585.52777,1558.6977699999998,23948.0
2024-03-20,1575.1877699999998,1568.9477699999998,1579.26777,1565.8177699999999,15249.0
2024-03-21,1574.5877699999999,1573.6877699999998,1584.5877699999999,1570.0877699999999,16596.0
2024-03-22,1566.9377699999998,1570.6177699999998,1574.5777699999999,1553.5877699999999,25456.0
2024-03-25,1554.5977699999999,1564.1277699999998,1564.3577699999998,1546.1677699999998,24473.0
2024-03-26,1574.8777699999998,1553.04777,1578.3877699999998,1553.04777,28069.0
2024-03-27,1566.5877699999999,1570.5877699999999,1577.5877699999999,1564.5877699999999,18113.0
2024-03-28,1567.22777,1560.5877699999999,1583.5877699999999,1558.78777,24642.0
2024-03-29,1568.48777,1567.22777,1576.5777699999999,1563.6877699999998,13457.0
2024-04-01,1586.9177699999998,1575.5777699999999,1599.5877699999999,1574.28777,27131.0
2024-04-02,1579.5777699999999,1587.5877699999999,1590.5777699999999,1570.6377699999998,25449.0
2024-04-03,1580.6977699999998,1599.5877699999999,1605.02777,1575.6077699999998,29046.0
2024-04-08,1532.24777,1560.5877699999999,1561.5877699999999,1528.1877699999998,59167.0
2024-04-09,1527.80777,1526.25777,1538.5877699999999,1524.03777,25590.0
2024-04-10,1513.5677699999999,1527.8577699999998,1530.5777699999999,1510.5877699999999,27631.0
2024-04-11,1513.5877699999999,1505.6977699999998,1515.5877699999999,1500.27777,22766.0
2024-04-12,1499.6177699999998,1516.5877699999999,1529.5877699999999,1499.6177699999998,26744.0
2024-04-15,1538.5677699999999,1500.5977699999999,1541.1977699999998,1500.5677699999999,35818.0
2024-04-16,1535.5877699999999,1531.0777699999999,1545.1477699999998,1524.5877699999999,26266.0
2024-04-17,1532.5877699999999,1533.5877699999999,1540.78777,1523.5877699999999,24819.0
2024-04-18,1536.3677699999998,1524.5977699999999,1548.5677699999999,1523.76777,26568.0
2024-04-19,1512.22777,1526.3677699999998,1534.0877699999999,1506.8677699999998,23500.0
2024-04-22,1540.6477699999998,1519.5877699999999,1544.46777,1510.5877699999999,29951.0
2024-04-23,1557.8677699999998,1540.5877699999999,1560.5877699999999,1540.5877699999999,24980.0
2024-04-24,1559.1877699999998,1562.5677699999999,1565.49777,1548.9177699999998,17086.0
2024-04-25,1558.6277699999998,1555.9177699999998,1561.1877699999998,1547.8377699999999,14476.0
2024-04-26,1575.01777,1559.5877699999999,1579.5877699999999,1559.5677699999999,30996.0
2024-04-29,1569.5877699999999,1562.53777,1593.5877699999999,1559.4077699999998,41332.0
2024-04-30,1570.5877699999999,1570.5977699999999,1595.46777,1570.5877699999999,30760.0
2024-05-06,1625.78777,1599.55777,1630.5877699999999,1592.5877699999999,59909.0
2024-05-07,1635.5877699999999,1631.3777699999998,1643.3877699999998,1622.26777,24925.0
2024-05-08,1629.55777,1635.27777,1635.55777,1621.25777,14769.0
2024-05-09,1621.5877699999999,1623.5877699999999,1630.5677699999999,1615.5877699999999,22387.0
2024-05-10,1604.5677699999999,1626.6877699999998,1633.46777,1599.5777699999999,26207.0
2024-05-13,1571.5877699999999,1597.6077699999998,1598.24777,1566.80777,37662.0
2024-05-14,1567.5677699999999,1571.5777699999999,1578.8577699999998,1565.5977699999999,21274.0
2024-05-15,1565.5877699999999,1568.1677699999998,1573.5877699999999,1564.1777699999998,15739.0
2024-05-16,1570.0877699999999,1570.5877699999999,1575.46777,1555.5877699999999,29680.0
2024-05-17,1580.5877699999999,1565.5977699999999,1582.1677699999998,1565.5877699999999,28924.0
2024-05-20,1574.5877699999999,1583.5777699999999,1598.5777699999999,1573.6977699999998,31426.0
2024-05-21,1570.5877699999999,1573.5877699999999,1575.3177699999999,1563.74777,16293.0
2024-05-22,1563.29777,1568.5877699999999,1575.54777,1556.5877699999999,20286.0
2024-05-23,1557.5977699999999,1565.5877699999999,1571.96777,1555.6677699999998,18885.0
2024-05-24,1542.6677699999998,1558.5877699999999,1560.5877699999999,1542.5877699999999,20217.0
2024-05-27,1535.7077699999998,1543.5877699999999,1553.03777,1533.5977699999999,25098.0
2024-05-28,1530.22777,1535.98777,1540.75777,1528.5877699999999,23521.0
2024-05-29,1539.5877699999999,1531.5877699999999,1545.5877699999999,1530.5877699999999,19651.0
2024-05-30,1514.5877699999999,1540.5877699999999,1540.96777,1514.5877699999999,32208.0
2024-05-31,1514.03777,1516.0877699999999,1529.0877699999999,1514.03777,21857.0
2024-06-03,1504.97777,1515.5877699999999,1516.50777,1500.6977699999998,30261.0
2024-06-04,1518.78777,1506.0877699999999,1521.5877699999999,1502.1377699999998,20841.0
2024-06-05,1509.5877699999999,1517.5877699999999,1524.26777,1508.6177699999998,19056.0
2024-06-06,1505.3977699999998,1509.24777,1517.5777699999999,1501.49777,25610.0
2024-06-07,1484.76777,1511.71777,1511.76777,1484.5977699999999,33525.0
2024-06-11,1434.5877699999999,1468.5777699999999,1470.5877699999999,1432.5877699999999,70247.0
2024-06-12,1437.26777,1435.5877699999999,1455.5877699999999,1435.5877699999999,33171.0
2024-06-13,1420.5977699999999,1442.3577699999998,1442.47777,1418.73777,36186.0
2024-06-14,1420.5877699999999,1420.5877699999999,1429.54777,1386.04777,59514.0
2024-06-17,1407.0877699999999,1397.8777699999998,1414.3577699999998,1376.5977699999999,48318.0
2024-06-18,1387.0877699999999,1396.47777,1420.1277699999998,1382.26777,41258.0
2024-06-19,1397.4637699999998,1394.4537699999998,1400.4637699999998,1378.5637699999997,41262.0
2024-06-20,1396.5637699999997,1396.4637699999998,1412.4737699999998,1394.4637699999998,24711.0
2024-06-21,1367.4637699999998,1396.9637699999998,1401.4437699999999,1366.6837699999999,43320.0
2024-06-24,1373.0137699999998,1319.4637699999998,1385.4537699999998,1310.4737699999998,63840.0
2024-06-25,1383.11377,1373.4637699999998,1399.4537699999998,1373.4637699999998,42098.0
2024-06-26,1385.6837699999999,1376.4637699999998,1397.5337699999998,1374.2637699999998,29570.0
2024-06-27,1386.9537699999998,1388.4637699999998,1390.4337699999999,1364.4637699999998,32822.0
2024-06-28,1363.85377,1376.4637699999998,1390.9537699999998,1360.4637699999998,38582.0
2024-07-01,1336.84377,1365.34377,1369.4537699999998,1324.4637699999998,32161.0
2024-07-02,1387.1637699999999,1329.4637699999998,1394.4637699999998,1329.4637699999998,51853.0
2024-07-03,1396.4637699999998,1395.4637699999998,1409.4737699999998,1384.4837699999998,31573.0
2024-07-04,1382.2037699999998,1401.4637699999998,1408.4637699999998,1377.59377,24380.0
2024-07-05,1349.4637699999998,1375.4637699999998,1389.64377,1346.4637699999998,38829.0
2024-07-08,1316.4637699999998,1339.4637699999998,1354.2337699999998,1315.60377,39527.0
2024-07-09,1334.4937699999998,1316.4637699999998,1351.35377,1306.5637699999997,33621.0
2024-07-10,1334.0537699999998,1335.7137699999998,1362.34377,1331.4637699999998,23763.0
2024-07-11,1358.5537699999998,1346.4337699999999,1365.4637699999998,1336.6737699999999,29020.0
2024-07-12,1375.2837699999998,1369.4737699999998,1382.86377,1361.9137699999999,23386.0
2024-07-15,1371.36377,1366.4637699999998,1384.4637699999998,1366.4637699999998,19176.0
2024-07-16,1372.4637699999998,1372.4637699999998,1378.4637699999998,1361.5137699999998,20316.0
2024-07-17,1397.86377,1372.5637699999997,1399.4637699999998,1366.4837699999998,34311.0
2024-07-18,1393.9737699999998,1395.9637699999998,1411.4637699999998,1388.9937699999998,28870.0
2024-07-19,1422.0837699999997,1387.2737699999998,1425.64377,1380.4737699999998,38943.0
2024-07-22,1395.4637699999998,1421.4937699999998,1426.4437699999999,1388.11377,28543.0
2024-07-23,1351.4637699999998,1395.4637699999998,1397.4637699999998,1351.4637699999998,30944.0
2024-07-24,1336.4837699999998,1346.6637699999999,1360.1637699999999,1331.4637699999998,24123.0
2024-07-25,1326.9537699999998,1336.4837699999998,1344.4637699999998,1316.4737699999998,28347.0
2024-07-26,1318.65377,1326.9537699999998,1334.1837699999999,1307.36377,32354.0
2024-07-29,1294.4837699999998,1311.4637699999998,1318.4537699999998,1294.4637699999998,30869.0
2024-07-30,1276.4537699999998,1282.4437699999999,1286.7337699999998,1257.7637699999998,51779.0
2024-07-31,1317.7437699999998,1269.5637699999997,1323.7337699999998,1269.5637699999997,43272.0
2024-08-01,1282.62377,1314.4637699999998,1316.4637699999998,1281.1637699999999,32038.0
2024-08-02,1281.9137699999999,1270.0637699999997,1293.4337699999999,1270.0637699999997,21928.0
2024-08-05,1306.4737699999998,1285.34377,1322.4637699999998,1281.9837699999998,37736.0
2024-08-06,1301.1637699999999,1318.4637699999998,1320.4637699999998,1290.4737699999998,27444.0
2024-08-07,1311.9637699999998,1301.9637699999998,1318.4537699999998,1294.7637699999998,20622.0
2024-08-08,1327.15377,1307.4637699999998,1344.64377,1305.4637699999998,25131.0
2024-08-09,1333.2637699999998,1356.4937699999998,1365.4637699999998,1333.2637699999998,30138.0
2024-08-12,1332.5637699999997,1326.4637699999998,1339.4637699999998,1323.0437699999998,13632.0
2024-08-13,1319.4737699999998,1329.4637699999998,1331.4637699999998,1308.4737699999998,16308.0
2024-08-14,1309.7637699999998,1319.4737699999998,1321.36377,1308.4837699999998,13414.0
2024-08-15,1323.35377,1301.4937699999998,1332.4537699999998,1300.4137699999999,23039.0
2024-08-16,1327.6637699999999,1323.2537699999998,1332.38377,1313.4737699999998,16455.0
2024-08-19,1321.90377,1328.4637699999998,1355.34377,1321.4637699999998,20433.0
2024-08-20,1319.1837699999999,1326.36377,1326.39377,1310.4637699999998,18591.0
2024-08-21,1314.0437699999998,1316.4637699999998,1324.4437699999999,1312.15377,15092.0
2024-08-22,1306.5137699999998,1312.4637699999998,1316.4637699999998,1296.4737699999998,19527.0
2024-08-23,1311.4537699999998,1304.4637699999998,1319.9637699999998,1302.5837699999997,15320.0
2024-08-26,1308.4637699999998,1313.4637699999998,1320.3237699999997,1299.61377,15628.0
2024-08-27,1300.5337699999998,1308.4637699999998,1309.4637699999998,1297.5737699999997,13657.0
2024-08-28,1285.4637699999998,1300.5337699999998,1302.4637699999998,1271.4637699999998,31664.0
2024-08-29,1309.7637699999998,1276.4637699999998,1314.4637699999998,1276.4637699999998,27472.0
2024-08-30,1339.65377,1309.4637699999998,1354.5337699999998,1301.4637699999998,38739.0
2024-09-02,1291.4637699999998,1326.4637699999998,1334.4637699999998,1291.4637699999998,34135.0
2024-09-03,1306.4637699999998,1294.4637699999998,1311.4437699999999,1289.4837699999998,17888.0
2024-09-04,1296.4637699999998,1298.4637699999998,1315.65377,1296.2037699999998,14211.0
2024-09-05,1301.34377,1296.9637699999998,1303.4637699999998,1293.4637699999998,14503.0
2024-09-06,1294.4637699999998,1301.4637699999998,1302.4637699999998,1294.4637699999998,10321.0
2024-09-09,1271.4637699999998,1276.4737699999998,1290.1737699999999,1266.5437699999998,28638.0
2024-09-10,1274.4637699999998,1266.4837699999998,1289.4637699999998,1266.4837699999998,19803.0
2024-09-11,1276.4637699999998,1272.0637699999997,1282.34377,1261.4637699999998,20996.0
2024-09-12,1231.5237699999998,1276.4637699999998,1281.4637699999998,1231.37377,47948.0
2024-09-13,1200.59377,1227.4637699999998,1228.4637699999998,1193.7637699999998,56005.0
2024-09-18,1163.36377,1196.4637699999998,1196.4737699999998,1163.12377,46185.0
2024-09-19,1157.4637699999998,1158.4637699999998,1189.34377,1142.2937699999998,59988.0
2024-09-20,1160.38377,1157.9637699999998,1170.36377,1146.4937699999998,39982.0
2024-09-23,1158.0037699999998,1164.4637699999998,1189.9637699999998,1157.12377,45550.0
2024-09-24,1269.0637699999997,1181.5537699999998,1269.4637699999998,1161.5537699999998,100413.0
2024-09-25,1295.4637699999998,1296.5137699999998,1323.4637699999998,1293.1737699999999,73954.0
2024-09-26,1425.4637699999998,1296.4237699999999,1426.3337699999997,1292.4637699999998,97278.0
2024-09-27,1525.6637699999999,1496.4637699999998,1525.6637699999999,1461.8237699999997,87922.0
2024-09-30,1644.4637699999998,1588.4637699999998,1656.34377,1548.4637699999998,157293.0
2024-10-08,1619.4637699999998,1806.4637699999998,1806.4637699999998,1576.64377,194709.0
2024-10-09,1491.61377,1596.4637699999998,1596.4637699999998,1486.4637699999998,120197.0
2024-10-10,1536.4637699999998,1518.7237699999998,1564.5437699999998,1487.4637699999998,74603.0
2024-10-11,1501.4537699999998,1511.86377,1536.4237699999999,1486.4637699999998,41915.0
2024-10-14,1498.4537699999998,1509.4637699999998,1517.09377,1477.63377,44812.0
2024-10-15,1450.7137699999998,1495.4637699999998,1497.4537699999998,1449.4737699999998,43571.0
2024-10-16,1418.9637699999998,1437.34377,1446.2637699999998,1406.4637699999998,46664.0
2024-10-17,1391.0637699999997,1433.4637699999998,1434.12377,1389.87377,39460.0
2024-10-18,1437.4637699999998,1389.4637699999998,1464.3037699999998,1375.4237699999999,68619.0
2024-10-21,1425.2637699999998,1437.6737699999999,1446.4337699999999,1417.6737699999999,42008.0
2024-10-22,1439.4637699999998,1423.0237699999998,1456.64377,1420.6637699999999,36269.0
2024-10-23,1463.9637699999998,1440.5737699999997,1473.4137699999999,1428.4637699999998,40088.0
2024-10-24,1448.6637699999999,1457.4637699999998,1471.4637699999998,1441.4737699999998,23923.0
2024-10-25,1455.3137699999997,1443.4637699999998,1471.2537699999998,1442.4737699999998,27745.0
2024-10-28,1461.4637699999998,1456.4637699999998,1461.4637699999998,1418.6937699999999,39121.0
2024-10-29,1428.0837699999997,1456.4637699999998,1476.4637699999998,1426.4637699999998,41166.0
2024-10-30,1428.4637699999998,1421.4637699999998,1447.65377,1419.87377,32006.0
2024-10-31,1424.2537699999998,1428.61377,1436.4637699999998,1416.4637699999998,29957.0
2024-11-01,1430.2137699999998,1417.4637699999998,1441.59377,1417.2637699999998,32284.0
2024-11-04,1444.6637699999999,1441.39377,1446.4637699999998,1424.5237699999998,29093.0
2024-11-05,1473.4537699999998,1436.4637699999998,1474.1637699999999,1432.4737699999998,45640.0
2024-11-06,1467.4637699999998,1471.4637699999998,1485.4537699999998,1457.6837699999999,37631.0
2024-11-07,1545.60377,1458.9237699999999,1549.9637699999998,1458.7637699999998,74739.0
2024-11-08,1506.4337699999999,1557.35377,1563.5737699999997,1497.4737699999998,60771.0
2024-11-11,1494.4737699999998,1486.4637699999998,1506.4137699999999,1463.65377,43854.0
2024-11-18,1455.4637699999998,1458.4637699999998,1472.4537699999998,1451.4637699999998,27092.0
2024-11-19,1438.38377,1461.4637699999998,1465.8337699999997,1421.4637699999998,33266.0
2024-11-20,1441.2737699999998,1439.4637699999998,1450.4337699999999,1427.7637699999998,21345.0
2024-11-21,1441.59377,1440.3337699999997,1445.4537699999998,1428.4637699999998,18262.0
2024-11-22,1404.2837699999998,1437.61377,1444.2337699999998,1404.2837699999998,33436.0
2024-11-25,1395.0337699999998,1407.4637699999998,1428.4637699999998,1393.13377,33186.0
2024-11-26,1405.4637699999998,1395.0337699999998,1415.34377,1385.34377,25745.0
2024-11-27,1415.5137699999998,1405.4637699999998,1418.61377,1401.4637699999998,25934.0
2024-11-28,1414.4637699999998,1418.4637699999998,1421.4537699999998,1398.4637699999998,23952.0
2024-11-29,1422.2037699999998,1413.4637699999998,1451.4637699999998,1409.6737699999999,36088.0
2024-12-02,1421.4637699999998,1422.4637699999998,1426.4537699999998,1411.5637699999997,26820.0
2024-12-03,1423.2037699999998,1420.4637699999998,1425.36377,1412.5437699999998,24807.0
2024-12-04,1416.4637699999998,1416.5337699999998,1420.12377,1406.4637699999998,23924.0
2024-12-05,1407.4637699999998,1407.3237699999997,1414.3237699999997,1406.4637699999998,16141.0
2024-12-06,1417.4737699999998,1409.4637699999998,1435.36377,1404.5337699999998,32040.0
2024-12-09,1415.2637699999998,1418.4837699999998,1426.1837699999999,1409.6637699999999,19800.0
2024-12-10,1443.0537699999998,1466.4637699999998,1476.1937699999999,1441.64377,60312.0
2024-12-11,1432.0637699999997,1436.4637699999998,1451.4637699999998,1427.4437699999999,29671.0
2024-12-12,1462.2637699999998,1428.4837699999998,1462.4637699999998,1425.4637699999998,41937.0
2024-12-13,1415.4637699999998,1446.4737699999998,1451.4537699999998,1415.34377,49512.0
2024-12-16,1423.6637699999999,1417.4637699999998,1425.4637699999998,1407.1737699999999,32537.0
2024-12-17,1454.4637699999998,1422.4537699999998,1465.4637699999998,1417.4737699999998,54172.0
2024-12-18,1467.9637699999998,1454.4337699999999,1473.4637699999998,1443.5637699999997,41162.0
2024-12-19,1447.4737699999998,1461.60377,1464.39377,1446.7937699999998,24809.0
2024-12-20,1442.34577,1451.47577,1462.1457699999999,1440.3657699999999,28158.0
2024-12-23,1446.79577,1443.34577,1458.34577,1437.34577,21603.0
2024-12-24,1459.1657699999998,1445.34577,1464.34577,1441.9357699999998,22105.0
2024-12-25,1450.34577,1459.1457699999999,1459.1457699999999,1446.4457699999998,17123.0
2024-12-26,1448.1357699999999,1454.34577,1459.1257699999999,1443.34577,18287.0
2024-12-27,1449.31577,1449.24577,1456.34577,1439.84577,20759.0
2024-12-30,1445.34577,1454.31577,1464.30577,1445.34577,25130.0
2024-12-31,1444.34577,1445.74577,1465.34577,1442.35577,39354.0
2025-01-02,1408.34577,1444.34577,1444.83577,1400.34577,50029.0
2025-01-03,1395.34577,1414.84577,1415.33577,1387.35577,32628.0
2025-01-06,1360.34577,1373.34577,1383.00577,1353.1457699999999,44255.0
2025-01-07,1360.54577,1365.00577,1372.23577,1359.34577,24221.0
2025-01-08,1362.84577,1360.34577,1372.1657699999998,1347.00577,35258.0
2025-01-09,1364.34577,1369.33577,1384.9257699999998,1353.32577,29706.0
2025-01-10,1356.34577,1367.4457699999998,1372.29577,1356.34577,21872.0
2025-01-13,1364.32577,1345.34577,1364.78577,1342.35577,21083.0
2025-01-14,1392.84577,1365.29577,1399.02577,1362.34577,30957.0
2025-01-15,1391.6157699999999,1387.34577,1394.9457699999998,1380.35577,18399.0
2025-01-16,1366.72577,1394.34577,1403.00577,1362.34577,26342.0
2025-01-17,1375.09577,1366.73577,1381.34577,1366.72577,18309.0
2025-01-20,1395.1457699999999,1381.34577,1410.1357699999999,1380.34577,31410.0
2025-01-21,1388.49577,1401.34577,1402.34577,1385.34577,16856.0
2025-01-22,1361.34577,1383.6157699999999,1388.29577,1358.34577,28294.0
2025-01-23,1363.34577,1370.31577,1388.34577,1358.34577,27125.0
2025-01-24,1356.34577,1362.34577,1368.1357699999999,1350.6557699999998,31360.0
2025-01-27,1355.33577,1357.34577,1364.31577,1347.3657699999999,29356.0
2025-02-05,1324.1457699999999,1360.34577,1363.34577,1322.55577,40757.0
2025-02-06,1333.1857699999998,1320.35577,1342.33577,1320.35577,27356.0
2025-02-07,1356.34577,1334.02577,1363.02577,1323.75577,37242.0
2025-02-10,1351.85577,1358.34577,1360.34577,1347.4357699999998,20840.0
2025-02-11,1338.34577,1355.29577,1356.30577,1336.24577,23573.0
2025-02-12,1363.34577,1338.34577,1365.34577,1337.22577,25476.0
2025-02-13,1385.4057699999998,1363.3657699999999,1395.59577,1354.85577,43385.0
2025-02-14,1395.34577,1385.4057699999998,1397.34577,1378.56577,27100.0
2025-02-17,1391.9657699999998,1401.34577,1415.32577,1387.4457699999998,32471.0
2025-02-18,1395.34577,1390.34577,1413.33577,1382.4257699999998,27800.0
2025-02-19,1411.34577,1395.3957699999999,1414.78577,1385.24577,32393.0
2025-02-20,1394.34577,1403.34577,1412.31577,1393.73577,23750.0
2025-02-21,1408.55577,1400.34577,1417.07577,1393.35577,36418.0
2025-02-24,1399.4157699999998,1408.34577,1419.8657699999999,1394.34577,34744.0
2025-02-25,1374.34577,1390.35577,1393.73577,1372.34577,28387.0
2025-02-26,1380.35577,1375.79577,1385.30577,1365.34577,26366.0
2025-02-27,1405.9057699999998,1380.3657699999999,1410.24577,1374.34577,49762.0
2025-02-28,1421.1357699999999,1405.84577,1448.72577,1402.34577,56129.0
2025-03-03,1407.3657699999999,1422.9457699999998,1441.33577,1401.84577,31596.0
2025-03-04,1390.4557699999998,1405.34577,1406.34577,1385.55577,25211.0
2025-03-05,1386.7157699999998,1392.34577,1394.34577,1380.4457699999998,24605.0
2025-03-06,1426.32577,1394.34577,1430.54577,1392.4257699999998,42168.0
2025-03-07,1441.34577,1423.34577,1448.7057699999998,1423.34577,37991.0
2025-03-10,1443.24577,1440.1557699999998,1447.22577,1426.48577,31369.0
2025-03-11,1469.02577,1437.34577,1469.02577,1432.34577,39776.0
2025-03-12,1462.9257699999998,1467.30577,1470.02577,1446.6957699999998,29604.0
2025-03-13,1458.1157699999999,1464.34577,1475.84577,1451.22577,25724.0
2025-03-14,1548.35577,1468.00577,1548.35577,1461.34577,92913.0
2025-03-17,1558.2057699999998,1577.34577,1578.33577,1547.22577,54689.0
2025-03-18,1544.34577,1565.3857699999999,1572.34577,1542.04577,31613.0
2025-03-19,1556.05577,1544.6357699999999,1568.34577,1543.34577,27390.0
2025-03-20,1524.34577,1556.05577,1557.9457699999998,1515.4157699999998,36737.0
2025-03-21,1494.09577,1519.34577,1532.54577,1489.1757699999998,33614.0
2025-03-24,1503.34577,1490.34577,1510.00577,1482.72577,25566.0
2025-03-25,1495.84577,1508.34577,1513.1457699999999,1487.00577,17674.0
2025-03-26,1496.34577,1493.1157699999999,1502.9257699999998,1491.34577,14324.0
2025-03-27,1509.34577,1496.34577,1518.59577,1493.72577,17956.0
2025-03-28,1505.55577,1511.27577,1513.34577,1496.34577,16228.0
2025-03-31,1481.34577,1501.32577,1507.30577,1480.4057699999998,21085.0
2025-04-01,1476.3657699999999,1484.34577,1490.23577,1472.55577,18556.0
2025-04-02,1469.3657699999999,1478.34577,1488.1457699999999,1465.84577,21674.0
2025-04-03,1489.22577,1450.34577,1506.34577,1449.35577,35481.0
2025-04-07,1420.34577,1440.35577,1457.1957699999998,1382.34577,101953.0
2025-04-08,1465.34577,1433.34577,1465.34577,1415.34577,73876.0
2025-04-09,1461.3857699999999,1445.3657699999999,1477.1457699999999,1440.8957699999999,55630.0
2025-04-10,1469.34577,1471.33577,1475.34577,1448.34577,38620.0
2025-04-11,1489.32577,1500.31577,1500.31577,1465.34577,32634.0
2025-04-14,1472.33577,1481.31577,1486.34577,1471.8757699999999,21711.0
2025-04-15,1478.34577,1472.34577,1485.34577,1465.34577,21489.0
2025-04-16,1479.51577,1472.34577,1496.34577,1457.34577,31156.0
2025-04-17,1490.34577,1474.34577,1496.84577,1470.33577,23846.0
2025-04-18,1486.28577,1486.34577,1495.34577,1476.34577,20298.0
2025-04-21,1471.34577,1485.84577,1485.84577,1471.34577,18057.0
2025-04-22,1469.1457699999999,1470.34577,1476.6457699999999,1463.55577,18432.0
2025-04-23,1472.34577,1479.34577,1479.56577,1465.34577,18669.0
2025-04-24,1472.59577,1472.34577,1481.02577,1469.32577,14872.0
2025-04-25,1470.34577,1477.4457699999998,1481.54577,1470.34577,14765.0
2025-04-28,1470.34577,1472.34577,1475.34577,1466.9457699999998,14660.0
2025-04-29,1464.34577,1470.34577,1472.8857699999999,1452.3657699999999,18922.0
2025-04-30,1467.34577,1470.33577,1487.00577,1466.6457699999999,25754.0
2025-05-06,1470.54577,1479.34577,1479.34577,1464.6757699999998,18300.0
2025-05-07,1475.34577,1490.34577,1490.34577,1470.54577,27462.0
2025-05-08,1498.53577,1473.34577,1513.1257699999999,1470.1757699999998,33481.0
2025-05-09,1511.52577,1499.33577,1517.79577,1495.3957699999999,23672.0
2025-05-12,1524.84577,1518.34577,1539.27577,1516.9557699999998,24735.0
2025-05-13,1510.6457699999999,1529.26577,1529.26577,1505.4557699999998,21258.0
2025-05-14,1555.33577,1510.34577,1565.34577,1508.52577,39460.0
2025-05-15,1552.35577,1555.1457699999999,1563.9357699999998,1544.47577,24733.0
2025-05-16,1534.47577,1554.33577,1557.33577,1534.47577,22935.0
2025-05-19,1499.32577,1516.34577,1520.34577,1494.22577,38063.0
2025-05-20,1506.34577,1500.34577,1515.1457699999999,1495.4457699999998,19522.0
2025-05-21,1501.31577,1505.34577,1516.28577,1501.31577,19795.0
2025-05-22,1500.34577,1501.33577,1505.33577,1490.4457699999998,15090.0
2025-05-23,1492.9457699999998,1495.54577,1508.24577,1492.00577,21537.0
2025-05-26,1470.84577,1490.34577,1494.97577,1465.34577,27087.0
2025-05-27,1464.24577,1471.34577,1478.9457699999998,1463.85577,17752.0
2025-05-28,1457.34577,1464.33577,1466.80577,1453.34577,16266.0
2025-05-29,1460.34577,1460.34577,1475.34577,1452.34577,21860.0
2025-05-30,1442.34577,1460.49577,1465.34577,1435.58577,31239.0
2025-06-03,1429.34577,1428.35577,1439.34577,1425.3657699999999,28979.0
2025-06-04,1430.30577,1430.84577,1443.34577,1429.56577,23008.0
2025-06-05,1434.34577,1434.34577,1436.34577,1422.54577,23214.0
2025-06-06,1426.73577,1434.1457699999999,1439.31577,1423.34577,25023.0
2025-06-09,1406.4557699999998,1425.3657699999999,1429.04577,1406.02577,44959.0
2025-06-10,1395.35577,1406.34577,1412.34577,1395.1457699999999,30492.0
2025-06-11,1400.34577,1397.1457699999999,1414.34577,1396.4457699999998,30893.0
2025-06-12,1379.34577,1400.34577,1404.2157699999998,1374.4457699999998,49904.0
2025-06-13,1347.29577,1364.75577,1370.31577,1345.4057699999998,59113.0
2025-06-16,1342.6357699999999,1321.54577,1345.3857699999999,1321.52577,42888.0
2025-06-17,1347.34577,1340.34577,1347.34577,1332.52577,27232.0
2025-06-18,1345.34577,1360.34577,1363.78577,1341.35577,30761.0
2025-06-19,1346.34577,1346.34577,1354.01577,1337.52577,24501.0
2025-06-20,1349.00577,1343.9257699999998,1361.48577,1340.54577,34816.0
2025-06-23,1340.34577,1340.34577,1353.34577,1325.52577,26723.0
2025-06-24,1357.54577,1343.6957699999998,1372.02577,1343.6957699999998,36312.0
2025-06-25,1356.2057699999998,1359.4557699999998,1369.54577,1340.85577,41050.0
2025-06-26,1368.01877,1363.01877,1376.01877,1358.0987699999998,34860.0
2025-06-27,1351.1087699999998,1368.02877,1371.01877,1351.1087699999998,38250.0
2025-06-30,1357.5387699999999,1351.51877,1361.24877,1350.01877,30457.0
2025-07-01,1353.1187699999998,1357.01877,1359.95877,1351.3287699999998,19878.0
2025-07-02,1357.6187699999998,1357.51877,1362.8187699999999,1348.01877,26218.0
2025-07-03,1363.6187699999998,1360.01877,1370.70877,1356.01877,24413.0
2025-07-04,1370.23877,1363.71877,1379.90877,1358.02877,28767.0
2025-07-07,1358.71877,1370.2987699999999,1371.51877,1358.02877,23855.0
2025-07-08,1364.1287699999998,1358.72877,1368.01877,1358.71877,18674.0
2025-07-09,1366.89877,1363.01877,1377.98877,1362.18877,27745.0
2025-07-10,1374.51877,1366.98877,1384.19877,1358.41877,38725.0
2025-07-11,1375.01877,1371.17877,1406.01877,1371.17877,57243.0
2025-07-14,1371.6187699999998,1378.01877,1382.99877,1369.6187699999998,27781.0
2025-07-15,1359.01877,1368.99877,1370.94877,1356.3387699999998,35406.0
2025-07-16,1359.0487699999999,1358.02877,1365.50877,1357.96877,21286.0
2025-07-17,1364.3687699999998,1361.99877,1371.02877,1360.89877,23106.0
2025-07-18,1385.01877,1368.01877,1385.8287699999998,1364.39877,41823.0
2025-07-21,1391.01877,1385.00877,1394.8187699999999,1383.01877,26203.0
2025-07-22,1412.99877,1392.01877,1414.6187699999998,1388.69877,42119.0
2025-07-23,1423.51877,1417.01877,1443.01877,1416.96877,45045.0
2025-07-24,1439.51877,1424.01877,1447.01877,1423.01877,38804.0
2025-07-25,1403.01877,1439.41877,1439.41877,1401.01877,41911.0
2025-07-28,1386.67877,1401.01877,1403.00877,1384.3187699999999,38586.0
2025-07-29,1387.01877,1387.6187699999998,1396.8087699999999,1383.02877,26304.0
2025-07-30,1397.45877,1392.01877,1405.17877,1385.01877,31868.0
2025-07-31,1369.68877,1391.01877,1392.8887699999998,1366.01877,51798.0
2025-08-01,1365.01877,1369.8887699999998,1373.97877,1362.01877,29636.0
2025-08-04,1367.01877,1363.01877,1367.8187699999999,1362.01877,18688.0
2025-08-05,1375.75877,1369.01877,1377.95877,1365.1287699999998,25342.0
2025-08-06,1371.89877,1377.01877,1377.01877,1367.3187699999999,23699.0
2025-08-07,1370.3687699999998,1371.89877,1375.71877,1368.0787699999998,28001.0
2025-08-08,1368.98877,1371.0687699999999,1374.51877,1366.01877,18655.0
2025-08-11,1393.01877,1371.51877,1400.00877,1371.01877,47159.0
2025-08-12,1385.0587699999999,1397.01877,1413.0887699999998,1384.01877,42019.0
2025-08-13,1368.0687699999999,1373.01877,1381.69877,1368.01877,65528.0
2025-08-14,1375.00877,1368.95877,1395.52877,1368.95877,48129.0
2025-08-15,1370.0987699999998,1374.02877,1376.67877,1368.23877,47582.0
2025-08-18,1376.51877,1375.00877,1384.65877,1371.1187699999998,47378.0
2025-08-19,1386.01877,1381.51877,1394.67877,1380.01877,46372.0
2025-08-20,1398.01877,1386.01877,1400.8187699999999,1378.0387699999999,45805.0
2025-08-21,1396.26877,1401.46877,1403.00877,1391.66877,30891.0
2025-08-22,1411.96877,1396.89877,1412.01877,1392.7887699999999,44971.0
2025-08-25,1438.3487699999998,1418.02877,1444.01877,1414.01877,65325.0
2025-08-26,1429.6287699999998,1438.3387699999998,1442.24877,1428.02877,39602.0
2025-08-27,1396.01877,1429.89877,1432.94877,1396.01877,56006.0
2025-08-28,1394.1187699999998,1395.98877,1404.1187699999998,1386.7887699999999,39282.0
2025-08-29,1428.01877,1401.01877,1430.5987699999998,1400.01877,62256.0
2025-09-01,1424.1187699999998,1430.21877,1436.01877,1413.71877,45123.0
2025-09-02,1439.3187699999999,1426.67877,1457.01877,1426.01877,56688.0
2025-09-03,1428.5687699999999,1439.01877,1451.51877,1414.01877,45045.0
2025-09-04,1420.67877,1420.01877,1427.3187699999999,1408.48877,47747.0
2025-09-05,1431.01877,1419.01877,1434.98877,1412.01877,37388.0
2025-09-08,1449.24877,1431.01877,1454.45877,1425.51877,51383.0
2025-09-09,1453.01877,1453.01877,1457.96877,1441.43877,35743.0
2025-09-10,1470.02877,1454.67877,1477.96877,1444.01877,49663.0
2025-09-11,1471.51877,1470.02877,1474.0387699999999,1456.51877,37239.0
2025-09-12,1464.01877,1474.01877,1486.0387699999999,1458.5487699999999,33722.0
2025-09-15,1463.1187699999998,1463.8887699999998,1465.49877,1449.51877,25827.0
2025-09-16,1447.99877,1463.1187699999998,1469.00877,1444.22877,32718.0
2025-09-17,1441.01877,1448.00877,1458.2987699999999,1438.02877,30331.0
2025-09-18,1415.97877,1440.01877,1445.8187699999999,1411.51877,49721.0
2025-09-19,1415.98877,1416.00877,1423.51877,1405.02877,32637.0
2025-09-22,1401.3687699999998,1413.1087699999998,1415.98877,1398.02877,34947.0
2025-09-23,1395.43877,1398.51877,1405.51877,1388.01877,38663.0
2025-09-24,1390.01877,1382.0887699999998,1404.7987699999999,1382.0887699999998,30744.0
2025-09-25,1387.01877,1390.8487699999998,1393.22877,1384.01877,33870.0
2025-09-26,1383.01877,1389.19877,1395.1287699999998,1376.02877,45121.0
2025-09-29,1408.8787699999998,1387.39877,1418.00877,1383.01877,53684.0
2025-09-30,1392.00877,1408.01877,1408.77877,1388.01877,39364.0
2025-10-09,1384.7987699999999,1384.01877,1387.39877,1368.01877,54918.0
2025-10-10,1378.01877,1385.6187699999998,1387.95877,1375.51877,36001.0
2025-10-13,1367.21877,1363.71877,1370.8687699999998,1363.1387699999998,46069.0
2025-10-14,1399.0387699999999,1378.00877,1412.01877,1378.00877,66672.0
2025-10-15,1410.01877,1398.99877,1411.01877,1393.0987699999998,42785.0
2025-10-16,1432.92877,1409.93877,1432.96877,1406.89877,45730.0
2025-10-17,1403.01877,1431.1187699999998,1436.01877,1402.0487699999999,38086.0
2025-10-20,1405.94877,1403.01877,1417.51877,1402.89877,25950.0
2025-10-21,1410.27877,1407.01877,1417.95877,1403.51877,25443.0
2025-10-22,1406.71877,1410.0987699999998,1413.74877,1404.01877,18195.0
2025-10-23,1415.99877,1403.01877,1416.8187699999999,1395.21877,29322.0
2025-10-24,1398.01877,1415.96877,1426.89877,1397.3587699999998,38226.0
2025-10-27,1388.42877,1388.01877,1400.50877,1384.00877,37102.0
2025-10-28,1393.01877,1390.01877,1399.21877,1389.1187699999998,27124.0
2025-10-29,1379.91877,1388.0387699999999,1394.5687699999999,1378.0587699999999,33937.0
2025-10-30,1374.75877,1369.8287699999998,1384.64877,1369.8287699999998,47456.0
2025-10-31,1378.02877,1370.01877,1383.99877,1368.1287699999998,35694.0
2025-11-03,1383.01877,1379.01877,1396.01877,1368.1187699999998,34548.0
2025-11-04,1377.01877,1383.1187699999998,1383.7987699999999,1371.7987699999999,26566.0
2025-11-05,1368.0987699999998,1373.90877,1379.00877,1368.02877,34475.0
2025-11-06,1383.14877,1378.01877,1389.46877,1378.00877,38348.0
2025-11-07,1381.3487699999998,1383.1287699999998,1387.7987699999999,1379.1287699999998,18861.0
2025-11-10,1410.3187699999999,1383.01877,1411.70877,1382.99877,49452.0
2025-11-11,1407.00877,1410.01877,1410.19877,1395.01877,26692.0
2025-11-12,1413.16877,1407.99877,1426.3787699999998,1407.22877,32992.0
2025-11-13,1418.39877,1410.1387699999998,1421.5987699999998,1406.01877,31179.0
2025-11-14,1404.6187699999998,1418.01877,1426.96877,1404.3187699999999,27473.0
2025-11-17,1419.01877,1402.01877,1421.01877,1393.8087699999999,34462.0
2025-11-18,1424.01877,1418.71877,1434.0887699999998,1417.01877,34205.0
2025-11-19,1419.02877,1422.01877,1427.5487699999999,1417.97877,22045.0
2025-11-20,1415.1287699999998,1420.01877,1427.91877,1413.0487699999999,24002.0
2025-11-21,1414.6187699999998,1418.51877,1428.01877,1404.01877,42607.0
2025-11-24,1400.01877,1415.01877,1419.01877,1399.14877,33607.0
2025-11-25,1392.66877,1406.01877,1406.01877,1392.51877,28441.0
2025-11-26,1397.16877,1396.89877,1401.50877,1391.5987699999998,20306.0
2025-11-27,1395.3187699999999,1397.51877,1398.01877,1387.0587699999999,22287.0
2025-11-28,1398.51877,1394.51877,1403.51877,1391.01877,23211.0
2025-12-01,1396.01877,1399.01877,1410.2887699999999,1390.01877,27333.0
2025-12-02,1384.0487699999999,1396.01877,1399.93877,1383.0387699999999,25047.0
2025-12-03,1377.1187699999998,1383.8287699999998,1383.98877,1376.01877,23573.0
2025-12-04,1371.99877,1377.1187699999998,1380.51877,1366.39877,29075.0
2025-12-05,1378.02877,1371.99877,1381.1087699999998,1367.51877,25402.0
2025-12-08,1366.23877,1377.21877,1384.68877,1366.01877,33603.0
2025-12-09,1349.02877,1366.24877,1369.01877,1348.0687699999999,42634.0
2025-12-10,1350.8187699999999,1348.01877,1350.8187699999999,1331.19877,33133.0
2025-12-11,1360.00877,1354.67877,1360.00877,1349.5687699999999,22385.0
2025-12-12,1368.66877,1366.01877,1373.01877,1361.5887699999998,37159.0
2025-12-15,1374.01877,1387.6087699999998,1388.00877,1373.5887699999998,33359.0
2025-12-16,1370.01877,1374.21877,1376.7987699999999,1363.01877,23964.0
2025-12-17,1381.1187699999998,1373.01877,1387.95877,1365.69877,31382.0
2025-12-18,1379.01877,1381.51877,1386.89877,1374.1287699999998,17830.0
2025-12-19,1381.97577,1381.97577,1384.42577,1372.98577,26509.0
2025-12-22,1380.23577,1381.97577,1386.11577,1378.55577,20426.0
2025-12-23,1379.83577,1380.23577,1384.90577,1369.16577,24507.0
2025-12-24,1372.87577,1376.96577,1378.33577,1371.97577,25187.0
2025-12-25,1386.14577,1376.97577,1391.45577,1373.3557700000001,23386.0
2025-12-26,1386.1057700000001,1386.14577,1391.11577,1381.97577,17803.0
2025-12-29,1373.97577,1386.1057700000001,1386.1057700000001,1372.97577,26308.0
2025-12-30,1361.69577,1372.97577,1373.87577,1357.97577,33792.0
2025-12-31,1349.15577,1361.97577,1365.97577,1349.14577,34766.0
2026-01-05,1397.97577,1356.97577,1403.8557700000001,1356.97577,70949.0
2026-01-06,1399.98577,1404.52577,1408.94577,1388.50577,39586.0
2026-01-07,1395.33577,1404.8557700000001,1406.97577,1392.17577,29684.0
2026-01-08,1384.27577,1395.30577,1395.33577,1380.11577,29135.0
2026-01-09,1391.07577,1388.97577,1400.57577,1387.98577,29848.0
2026-01-12,1395.20577,1391.07577,1402.97577,1389.07577,36083.0
2026-01-13,1382.97577,1398.76577,1401.49577,1380.96577,39169.0
2026-01-14,1369.98577,1382.97577,1394.22577,1368.15577,51758.0
2026-01-15,1360.86577,1367.99577,1374.80577,1360.55577,40907.0
2026-01-16,1353.97577,1366.97577,1369.47577,1351.97577,55121.0
2026-01-19,1347.97577,1353.87577,1359.46577,1346.97577,42286.0
2026-01-20,1345.52577,1351.47577,1353.55577,1344.02577,36484.0
2026-01-21,1323.03577,1345.53577,1346.37577,1321.97577,64516.0
2026-01-22,1312.03577,1323.98577,1333.73577,1309.45577,59011.0
2026-01-23,1308.97577,1312.07577,1319.97577,1304.44577,61949.0
2026-01-26,1313.97577,1312.48577,1326.97577,1297.09577,80166.0
2026-01-27,1314.98577,1316.95577,1325.67577,1309.97577,48416.0
2026-01-28,1295.66577,1315.01577,1318.68577,1293.98577,76218.0
2026-01-29,1409.69577,1306.97577,1416.97577,1301.03577,189534.0
2026-01-30,1372.97577,1406.97577,1406.97577,1372.97577,94480.0
2026-02-02,1398.97577,1396.97577,1430.55577,1383.59577,85724.0
2026-02-03,1446.89577,1416.97577,1448.78577,1415.00577,86321.0
2026-02-04,1496.97577,1456.97577,1505.24577,1445.97577,109123.0
2026-02-05,1526.97577,1491.97577,1536.97577,1486.97577,91623.0
2026-02-06,1486.98577,1526.97577,1539.97577,1477.8557700000001,78965.0
2026-02-09,1496.93577,1489.97577,1514.8557700000001,1485.46577,51168.0
2026-02-10,1476.77577,1496.94577,1496.94577,1468.47577,39576.0
2026-02-11,1476.30577,1476.77577,1485.97577,1467.97577,30928.0
2026-02-12,1458.57577,1472.17577,1474.79577,1445.33577,46246.0
2026-02-13,1457.27577,1458.57577,1479.77577,1442.55577,41679.0
2026-02-24,1438.77577,1492.97577,1496.37577,1435.57577,41913.0
2026-02-25,1463.63577,1441.97577,1481.63577,1439.8557700000001,36881.0
2026-02-26,1438.18577,1458.57577,1461.46577,1436.64577,32958.0
2026-02-27,1426.99577,1438.96577,1448.18577,1426.99577,32160.0
2026-03-02,1412.08577,1421.97577,1428.97577,1408.63577,35454.0
2026-03-03,1398.16577,1412.07577,1424.84577,1394.1057700000001,45891.0
2026-03-04,1373.15577,1386.97577,1394.97577,1364.06577,48014.0
2026-03-05,1371.01577,1377.97577,1384.93577,1366.97577,30505.0
2026-03-06,1373.97577,1366.97577,1379.47577,1359.97577,29154.0
2026-03-09,1368.97577,1361.97577,1376.87577,1355.17577,37442.0
2026-03-10,1373.8557700000001,1376.87577,1381.46577,1369.97577,24626.0
2026-03-11,1371.97577,1374.96577,1377.96577,1369.99577,24457.0
2026-03-12,1363.97577,1366.97577,1375.92577,1362.98577,27586.0
2026-03-13,1385.61577,1364.45577,1389.59577,1363.97577,33608.0
2026-03-16,1432.15577,1391.97577,1437.97577,1391.97577,60086.0
2026-03-17,1456.97577,1439.97577,1470.04577,1433.16577,49454.0
2026-03-18,1440.77577,1460.97577,1468.47577,1435.12577,35551.0
2026-03-19,1424.84577,1444.93577,1444.97577,1417.97577,30319.0
2026-03-20,1416.97577,1424.93577,1434.47577,1410.97577,26132.0
2026-03-23,1380.04577,1405.30577,1406.97577,1372.00577,47256.0
2026-03-24,1379.30577,1387.97577,1389.56577,1372.15577,28562.0
2026-03-25,1382.24577,1382.08577,1389.84577,1372.98577,26093.0
2026-03-26,1373.15577,1380.97577,1385.87577,1372.27577,23093.0
2026-03-27,1387.99577,1371.97577,1397.97577,1368.63577,30087.0
2026-03-30,1391.97577,1378.97577,1402.97577,1374.49577,28685.0
2026-03-31,1421.97577,1439.97577,1451.90577,1420.38577,61691.0
2026-04-01,1431.41577,1436.46577,1441.96577,1424.8557700000001,29125.0
2026-04-02,1431.8557700000001,1431.41577,1436.8557700000001,1424.07577,21064.0
2026-04-03,1431.97577,1431.51577,1441.93577,1426.97577,20194.0
2026-04-07,1411.99577,1432.02577,1441.97577,1407.02577,24152.0
2026-04-08,1436.99577,1431.97577,1441.05577,1424.1057700000001,33836.0
2026-04-09,1432.46577,1436.99577,1436.99577,1419.47577,20705.0
2026-04-10,1425.93577,1431.11577,1431.68577,1413.07577,28866.0
2026-04-13,1415.28577,1415.97577,1418.47577,1404.97577,25214.0
2026-04-14,1418.87577,1414.57577,1420.57577,1406.97577,24233.0
2026-04-15,1439.47577,1416.95577,1442.76577,1413.97577,34553.0
2026-04-16,1434.81577,1439.42577,1449.38577,1431.97577,24513.0
2026-04-17,1379.21577,1371.97577,1392.97577,1371.84577,96825.0
2026-04-20,1382.86577,1374.97577,1385.91577,1371.97577,36451.0
2026-04-21,1383.98577,1382.97577,1391.87577,1381.97577,21754.0
2026-04-22,1381.47577,1386.97577,1390.97577,1376.95577,26916.0
2026-04-23,1390.97577,1379.97577,1391.67577,1377.07577,37701.0
2026-04-24,1430.46577,1385.07577,1430.8557700000001,1385.07577,55455.0
2026-04-27,1375.17577,1391.97577,1391.97577,1374.17577,72798.0
2026-04-28,1376.97577,1373.97577,1381.36577,1372.08577,34004.0
2026-04-29,1373.14577,1376.97577,1381.72577,1372.25577,34813.0
2026-04-30,1356.76577,1371.97577,1373.14577,1351.97577,52753.0
2026-05-06,1346.97577,1337.07577,1350.97577,1332.02577,47806.0
2026-05-07,1343.02577,1346.97577,1359.97577,1341.98577,40461.0
2026-05-08,1344.96577,1343.63577,1354.74577,1341.97577,33369.0
2026-05-11,1333.30577,1344.86577,1344.86577,1332.97577,57135.0
2026-05-12,1326.52577,1333.97577,1335.55577,1322.47577,50837.0
2026-05-13,1316.06577,1326.47577,1330.57577,1309.97577,56968.0
2026-05-14,1314.14577,1309.97577,1341.03577,1307.15577,55244.0
2026-05-15,1304.92577,1307.12577,1311.25577,1299.08577,58184.0
2026-05-18,1294.97577,1307.97577,1314.65577,1291.58577,49661.0
2026-05-19,1296.27577,1293.87577,1301.96577,1289.97577,43255.0
2026-05-20,1286.97577,1292.97577,1304.96577,1285.97577,47487.0
2026-05-21,1282.97577,1284.95577,1295.49577,1282.97577,38868.0
2026-05-22,1262.17577,1282.92577,1283.88577,1262.09577,49157.0
2026-05-25,1257.8557700000001,1258.97577,1276.76577,1248.97577,46353.0
2026-05-26,1245.3557700000001,1257.32577,1261.86577,1241.98577,45932.0
2026-05-27,1274.97577,1239.99577,1290.97577,1222.07577,82728.0
2026-05-28,1247.95577,1261.97577,1275.97577,1242.97577,45890.0
2026-05-29,1297.97577,1242.57577,1300.97577,1241.97577,76478.0
2026-06-01,1281.57577,1298.97577,1298.97577,1273.28577,43845.0
2026-06-02,1279.19577,1277.97577,1298.33577,1272.97577,36362.0
2026-06-03,1253.88577,1275.97577,1275.97577,1247.97577,52477.0
2026-06-04,1239.97577,1250.96577,1260.96577,1238.66577,33506.0
2026-06-05,1244.83577,1249.97577,1254.97577,1239.71577,31304.0
2026-06-08,1234.95577,1243.97577,1249.97577,1231.97577,30828.0
2026-06-09,1227.97577,1234.96577,1234.97577,1224.52577,27860.0
2026-06-10,1247.8557700000001,1224.05577,1253.97577,1222.18577,39244.0
2026-06-11,1250.97577,1244.09577,1254.8557700000001,1238.88577,25352.0
2026-06-12,1263.88577,1243.15577,1266.97577,1236.98577,50495.0
2026-06-15,1243.07577,1264.67577,1264.67577,1242.07577,41586.0
2026-06-16,1227.64577,1238.98577,1239.8557700000001,1226.97577,34970.0
2026-06-17,1211.97577,1229.97577,1231.74577,1210.53577,44803.0
2026-06-18,1186.97577,1206.97577,1210.84577,1183.19577,57472.0
2026-06-22,1213.38577,1186.28577,1224.77577,1176.97577,58251.0
2026-06-23,1194.42577,1210.97577,1235.97577,1188.97577,58004.0
2026-06-24,1179.65577,1194.62577,1213.84577,1179.48577,45335.0
2026-06-25,1184.07577,1178.97577,1198.97577,1171.97577,48446.0
2026-06-26,1168.63,1199.0,1199.0,1168.1,50066.0
2026-06-29,1194.96,1169.0,1215.0,1151.01,66878.0
2026-06-30,1185.49,1187.0,1195.67,1176.0,39608.0
2026-07-01,1193.01,1180.1,1196.8,1166.33,42474.0
2026-07-02,1203.0,1193.01,1215.52,1190.51,50870.0
2026-07-03,1194.45,1205.24,1210.14,1185.0,34268.0
